{"cameraMode":{"drawMode":0,"name":"Shaded","section":"Shading Mode"},"sceneLighting":true,"audioPlay":false,"sceneViewState":{"showFog":true,"showMaterialUpdate":false,"showSkybox":true,"showFlares":true,"showImageEffects":true,"showParticleSystems":true},"in2DMode":false,"pivot":{"x":0.2689744234085083,"y":0.8456255197525024,"z":5.214695453643799},"rotation":{"x":0.027306733652949334,"y":0.015937717631459237,"z":-0.00033729668939486146,"w":0.9995641708374023},"size":2.3552989959716799,"orthographic":false}