{"cameraMode":{"drawMode":0,"name":"Shaded","section":"Shading Mode"},"sceneLighting":false,"audioPlay":false,"sceneViewState":{"showFog":true,"showMaterialUpdate":false,"showSkybox":false,"showFlares":true,"showImageEffects":true,"showParticleSystems":true},"in2DMode":false,"pivot":{"x":-0.028502419590950013,"y":1.556782841682434,"z":0.280253529548645},"rotation":{"x":0.12510022521018983,"y":0.5977866649627686,"z":-0.09512747824192047,"w":0.7861446738243103},"size":0.2605510354042053,"orthographic":false}