{"cameraMode":{"drawMode":0,"name":"Shaded","section":"Shading Mode"},"sceneLighting":false,"audioPlay":false,"sceneViewState":{"showFog":true,"showMaterialUpdate":false,"showSkybox":false,"showFlares":true,"showImageEffects":true,"showParticleSystems":true},"in2DMode":false,"pivot":{"x":-0.06999999284744263,"y":0.0,"z":0.0002054395154118538},"rotation":{"x":0.034189097583293918,"y":0.6571998596191406,"z":-0.02971450425684452,"w":0.7524231672286987},"size":0.04082539305090904,"orthographic":false}